Client,Industry,Platform,Content_Type,Content_Topic,Posting_Day,Posting_Time,Reach,Impressions,Likes,Comments,Shares,Saves,Video_Views,Watch_Time,Clicks,Leads,Ad_Spend,Revenue,Performance_Score
Client_8,Technology,LinkedIn,Carousel,Promotion,Saturday,15:00,26662,32178,1718,69,9,357,16128,60973,1706,108,6817.28,23791.93,71.35
Client_17,Education,TikTok,Carousel,Tutorial,Thursday,21:00,37152,71589,1344,85,145,159,20057,69061,2416,339,11889.65,14304.41,59.85
Client_8,Fashion,LinkedIn,Image,Behind the Scenes,Thursday,15:00,84988,167674,1786,231,193,114,45798,141214,6873,1182,14036.33,71824.09,65.47
Client_19,Education,Instagram,Article,Entertainment,Thursday,09:00,9394,16989,77,7,14,16,713,3378,625,115,14428.42,14557.32,47.66
Client_4,Fashion,Facebook,Video,Customer Story,Friday,21:00,9265,9795,533,26,66,75,5141,3693,796,159,8609.08,12243.64,74.95
Client_15,Technology,Instagram,Image,Product Education,Wednesday,21:00,77534,133637,1126,55,36,88,23622,112458,3985,286,13411.81,99427.34,54.46
Client_4,Food,TikTok,Carousel,Behind the Scenes,Monday,15:00,84036,103904,1257,181,9,224,73754,719,7693,38,19121.37,99150.59,50.09
Client_13,Finance,YouTube,Video,Tutorial,Wednesday,13:00,25347,50567,1609,227,25,432,9406,4890,282,24,8327.09,44457.24,61.34
Client_17,Technology,Facebook,Article,Customer Story,Thursday,09:00,29270,29957,1365,196,100,172,21623,25467,2506,71,8519.3,30258.69,66.19
Client_1,Healthcare,Instagram,Article,Behind the Scenes,Tuesday,17:00,5697,11020,850,87,141,26,1950,4846,365,19,15483.79,82120.42,75.24
Client_17,Technology,Facebook,Image,Tips,Sunday,17:00,61908,76615,214,8,49,29,14285,1729,2616,405,4498.44,18770.59,50.29
Client_10,Fashion,TikTok,Video,Promotion,Friday,19:00,31765,56076,4206,61,468,905,7186,4673,3037,433,15308.24,60722.69,84.1
Client_13,Finance,Facebook,Image,Tips,Tuesday,19:00,32690,59007,570,16,28,40,263,1126,1303,208,13910.26,84827.87,57.49
Client_18,Fashion,TikTok,Image,Tips,Thursday,11:00,66786,109019,99,14,8,15,10392,37210,4872,131,8284.97,7888.66,30.71
Client_5,Food,LinkedIn,Reel,Tutorial,Wednesday,09:00,29372,57000,492,47,89,145,900,4445,800,159,9333.35,40199.02,55.18
Client_5,Finance,Instagram,Video,Promotion,Friday,17:00,3565,6489,162,16,26,29,1474,4250,303,38,9421.24,25577.2,70.94
Client_20,Fashion,YouTube,Image,Entertainment,Saturday,09:00,49919,53899,3844,276,928,348,13445,23160,2213,222,16514.38,69387.08,76.91
Client_1,Technology,TikTok,Image,Product Education,Saturday,19:00,73570,97758,4516,306,1021,409,58237,282306,2139,122,13826.81,42716.26,62.51
Client_2,Food,LinkedIn,Reel,Behind the Scenes,Thursday,21:00,86403,103004,6107,778,524,1188,24249,87382,1280,52,914.09,5508.17,62.22
Client_8,Healthcare,Instagram,Image,Entertainment,Friday,19:00,87445,92911,12396,766,713,446,826,212,7200,163,2891.58,8777.94,72.35
Client_18,Technology,Instagram,Article,Entertainment,Monday,11:00,2191,2399,296,41,23,81,577,2677,167,28,15881.03,69879.49,87.8
Client_6,Fashion,YouTube,Carousel,Entertainment,Wednesday,15:00,53528,74159,2518,52,382,455,35243,156031,387,52,7747.62,32184.11,58.38
Client_17,Finance,Instagram,Image,Customer Story,Saturday,09:00,7579,13786,1049,10,203,205,6734,33144,490,94,11575.82,47675.23,82.66
Client_7,Food,LinkedIn,Image,Tutorial,Monday,21:00,98423,164823,4168,573,60,551,68310,282833,9266,986,8885.51,58382.43,75.21
Client_6,Fashion,TikTok,Article,Tips,Tuesday,17:00,55262,97048,4707,39,441,554,36456,152993,5452,608,14971.49,63484.16,79.88
Client_5,Education,Instagram,Article,Tutorial,Sunday,17:00,42373,83845,1676,55,176,108,14830,33676,778,143,18801.7,32512.15,53.14
Client_11,Education,YouTube,Carousel,Promotion,Tuesday,11:00,65124,83478,865,104,192,72,10175,39712,6495,193,16644.6,49888.54,50.92
Client_17,Technology,Instagram,Reel,Tutorial,Tuesday,17:00,18328,32335,2362,349,221,178,946,2445,1678,314,2112.45,7381.56,84.11
Client_17,Technology,TikTok,Video,Promotion,Tuesday,09:00,91782,134129,9142,686,2003,1160,86966,115971,6774,612,19164.86,148475.57,83.94
Client_17,Education,LinkedIn,Article,Tips,Wednesday,11:00,29551,43748,3351,148,171,394,28284,64858,578,30,12227.91,73515.87,66.77
Client_12,Healthcare,TikTok,Article,Promotion,Saturday,17:00,14753,26764,2181,92,220,248,11314,33093,699,135,5703.26,44596.09,84.06
Client_11,Fashion,TikTok,Reel,Tutorial,Wednesday,11:00,27418,38877,2066,245,142,206,17640,14492,1625,318,9700.12,59449.75,82.71
Client_6,Education,TikTok,Carousel,Entertainment,Thursday,15:00,58671,92202,8644,925,1405,324,47621,141092,910,92,19900.68,94620.43,69.52
Client_15,Fashion,Facebook,Reel,Promotion,Sunday,21:00,39092,44952,2060,194,505,548,34235,31477,155,5,14659.33,89431.4,53.55
Client_16,Finance,Instagram,Image,Tutorial,Wednesday,21:00,33240,61253,2512,195,364,219,23600,36436,119,21,19690.4,57941.18,59.95
Client_13,Food,Instagram,Video,Entertainment,Wednesday,21:00,15525,20889,1937,218,211,253,4759,1495,896,158,2128.19,3877.91,77.93
Client_2,Food,Facebook,Carousel,Tutorial,Wednesday,11:00,60786,107656,1438,203,143,378,12855,38293,4124,2,16550.66,125509.42,52.96
Client_13,Food,TikTok,Article,Promotion,Sunday,13:00,58901,60155,3733,279,536,571,50151,25760,5203,746,983.34,5481.08,84.15
Client_12,Food,LinkedIn,Image,Product Education,Tuesday,11:00,18495,32457,2684,127,625,745,16605,74183,749,89,10760.07,18839.4,70.6
Client_18,Fashion,Facebook,Reel,Product Education,Wednesday,21:00,59285,99239,58,8,12,11,2350,2030,5688,982,17949.85,73107.28,52.8
Client_7,Fashion,Facebook,Article,Customer Story,Saturday,19:00,32466,57896,3643,5,695,407,19250,74192,2268,312,5287.14,26210.62,81.98
Client_2,Healthcare,LinkedIn,Article,Customer Story,Monday,21:00,3579,7065,81,5,14,15,1069,2403,144,18,17023.98,121553.49,61.37
Client_16,Finance,Instagram,Reel,Behind the Scenes,Thursday,11:00,36832,41628,2593,150,404,20,18690,67579,2407,256,2206.89,11920.24,79.62
Client_9,Education,Instagram,Video,Product Education,Sunday,19:00,46631,90971,4315,309,670,1073,25618,9578,65,8,1792.93,11743.52,65.12
Client_13,Healthcare,YouTube,Article,Customer Story,Saturday,11:00,66068,76089,530,33,60,53,16122,12596,1097,6,10542.12,24845.72,26.24
Client_16,Fashion,Facebook,Reel,Entertainment,Monday,17:00,28528,41108,2137,139,10,104,1210,215,1521,209,5484.67,18050.17,73.79
Client_4,Fashion,Facebook,Video,Tips,Sunday,11:00,72056,127910,514,56,15,19,60734,11878,4321,514,15527.31,86929.34,52.84
Client_6,Food,Instagram,Article,Promotion,Thursday,11:00,21346,36241,2116,276,125,385,3933,5475,1105,104,16118.44,55431.54,74.01
Client_18,Healthcare,Instagram,Article,Behind the Scenes,Saturday,13:00,81850,123190,959,31,135,36,22841,32663,2043,305,12417.48,50483.81,48.93
Client_5,Technology,TikTok,Carousel,Customer Story,Thursday,21:00,62304,82929,5168,344,111,1038,5671,14798,1649,93,6306.98,21417.18,64.55
Client_8,Technology,Facebook,Article,Promotion,Friday,09:00,93143,168165,4960,640,147,1437,85765,347252,2636,520,7862.59,49795.46,71.89
Client_9,Technology,YouTube,Reel,Behind the Scenes,Monday,11:00,37684,60462,304,39,48,62,18317,28162,2441,17,15949.27,60089.82,39.84
Client_12,Education,YouTube,Carousel,Tips,Monday,17:00,91607,98166,6516,394,636,959,60522,185342,7042,1241,5840.9,5127.52,73.98
Client_2,Education,TikTok,Video,Customer Story,Monday,21:00,7824,10529,1099,159,143,113,1656,3138,299,34,7260.46,18940.57,74.32
Client_20,Fashion,TikTok,Carousel,Tutorial,Wednesday,11:00,81295,89658,9695,580,367,1082,26777,55290,2082,138,2123.43,15213.76,74.45
Client_19,Technology,LinkedIn,Video,Customer Story,Friday,21:00,56508,106725,6976,917,1383,974,29649,135415,2160,257,8330.07,15355.72,69.2
Client_20,Fashion,TikTok,Video,Behind the Scenes,Friday,13:00,27858,49769,2719,134,423,213,2855,4796,499,6,10234.56,76962.19,58.98
Client_3,Education,TikTok,Article,Product Education,Monday,15:00,35043,51682,4403,219,218,908,8605,28840,1581,18,8495.7,47378.35,67.36
Client_2,Healthcare,YouTube,Video,Customer Story,Friday,13:00,12778,14757,1407,19,255,403,10066,6989,213,24,17175.99,16983.07,62.7
Client_2,Healthcare,YouTube,Article,Tips,Thursday,21:00,53440,90083,4147,612,555,1232,28304,107198,2290,455,12903.43,37686.62,74.96
Client_7,Finance,LinkedIn,Carousel,Promotion,Wednesday,13:00,7381,9373,1027,22,15,79,1947,3012,657,87,13384.0,60946.05,85.77
Client_16,Food,Facebook,Image,Tips,Friday,21:00,87305,137504,6933,574,1448,1603,17833,32444,5628,77,17590.77,134028.26,70.66
Client_8,Education,Facebook,Image,Promotion,Monday,17:00,16430,22332,2019,166,332,556,868,2511,437,45,2680.06,12432.55,74.36
Client_12,Food,Facebook,Article,Tips,Wednesday,09:00,40832,70199,2626,71,39,372,4460,8148,1823,211,16321.24,16157.71,61.52
Client_9,Food,LinkedIn,Article,Promotion,Thursday,21:00,38627,74893,2561,105,407,130,30417,128789,3823,245,13844.56,23013.44,66.6
Client_20,Fashion,TikTok,Video,Entertainment,Wednesday,17:00,3792,5032,310,19,73,53,1209,1296,100,10,9375.26,43844.06,71.99
Client_13,Finance,Instagram,Article,Promotion,Monday,17:00,44424,86668,4019,42,112,579,24292,62164,1608,199,16803.37,124017.65,74.99
Client_15,Technology,TikTok,Image,Entertainment,Saturday,21:00,81665,141213,6134,284,767,1224,42678,196096,4913,298,12962.52,20883.22,64.96
Client_13,Finance,LinkedIn,Reel,Behind the Scenes,Wednesday,17:00,7429,10391,973,72,84,160,2235,8001,492,4,13032.25,90840.18,72.18
Client_15,Fashion,TikTok,Video,Customer Story,Monday,17:00,33820,55384,1174,171,216,5,6687,285,1401,60,18500.65,98171.55,58.36
Client_18,Education,TikTok,Video,Promotion,Sunday,19:00,94852,154363,6955,484,1029,348,67375,124822,6179,708,19691.76,72579.26,75.23
Client_9,Finance,Instagram,Carousel,Customer Story,Wednesday,19:00,35896,60894,3838,142,866,592,1903,6724,3349,318,3036.68,5315.58,75.3
Client_14,Technology,Facebook,Carousel,Behind the Scenes,Friday,09:00,37319,51346,3997,576,406,1029,15810,29495,2109,103,10594.37,81197.53,78.44
Client_5,Technology,YouTube,Video,Product Education,Thursday,17:00,22659,40839,2506,324,186,158,13624,67513,2250,236,6605.47,33844.54,82.94
Client_18,Food,TikTok,Reel,Customer Story,Tuesday,15:00,94358,116688,4759,320,457,612,47732,161664,4292,549,18189.93,126753.55,75.61
Client_16,Education,TikTok,Video,Behind the Scenes,Monday,15:00,6497,8823,293,34,38,67,6085,8791,264,23,2069.53,11653.13,69.9
Client_9,Healthcare,TikTok,Reel,Product Education,Wednesday,17:00,48693,80116,2680,391,165,649,16580,7528,2339,92,19565.89,57847.34,61.67
Client_13,Food,Facebook,Image,Product Education,Saturday,17:00,56195,65567,610,23,10,63,22830,30893,600,13,1789.51,10406.74,34.42
Client_5,Food,LinkedIn,Image,Tips,Thursday,19:00,53641,73040,1286,125,60,81,3836,16568,2309,0,958.13,1162.84,36.9
Client_13,Education,Instagram,Image,Promotion,Monday,09:00,63802,97961,2335,138,547,692,43789,196344,5979,158,1883.62,7904.39,64.42
Client_16,Healthcare,TikTok,Reel,Promotion,Saturday,15:00,50702,69084,663,59,58,116,34817,56170,254,18,14441.8,36714.88,34.46
Client_11,Fashion,YouTube,Image,Entertainment,Sunday,19:00,78268,112666,4989,65,324,191,15834,19062,3329,251,17466.94,95639.29,69.35
Client_18,Food,TikTok,Reel,Tips,Tuesday,21:00,82940,116898,5267,295,1173,1116,68939,114535,83,7,8429.8,46838.51,58.36
Client_13,Fashion,YouTube,Carousel,Entertainment,Tuesday,19:00,98846,137148,4921,286,365,39,28573,61174,5083,316,16690.75,104087.21,68.08
Client_19,Technology,Facebook,Image,Entertainment,Sunday,15:00,23520,25779,403,9,100,41,435,2166,418,34,17758.11,69695.72,48.84
Client_18,Education,Instagram,Reel,Tips,Sunday,15:00,94693,114074,11337,951,2020,3121,10428,22977,3270,54,14352.18,100382.15,69.75
Client_1,Finance,TikTok,Image,Behind the Scenes,Saturday,11:00,42291,81180,2198,130,393,475,34086,107878,304,32,16355.85,21357.81,50.42
Client_6,Healthcare,TikTok,Image,Customer Story,Monday,21:00,71974,138530,9485,1004,415,2069,39050,181331,2628,169,12421.95,94100.95,73.8
Client_9,Education,YouTube,Video,Tutorial,Tuesday,11:00,88342,173623,5343,745,330,1390,47874,31215,5894,307,18513.66,114471.35,71.27
Client_19,Education,LinkedIn,Article,Tips,Saturday,19:00,14182,21799,1738,48,331,403,5084,9229,74,8,5144.33,18762.38,63.46
Client_1,Food,Facebook,Carousel,Customer Story,Wednesday,17:00,64026,81392,1979,190,93,580,16895,48695,5637,703,19024.46,101009.65,73.6
Client_2,Food,YouTube,Reel,Behind the Scenes,Thursday,15:00,61334,105896,5427,16,52,1161,49717,86303,4785,321,10399.75,45131.44,75.06
Client_18,Fashion,Instagram,Video,Tutorial,Wednesday,11:00,34507,66564,4739,128,580,1360,23833,104244,3414,555,17673.32,130601.93,89.03
Client_12,Fashion,LinkedIn,Carousel,Customer Story,Sunday,17:00,99858,189581,7827,22,1637,1626,37487,103862,8122,1024,13754.07,17499.35,71.54
Client_13,Finance,YouTube,Image,Product Education,Wednesday,13:00,68272,118349,7408,290,1621,1613,19391,64765,4818,446,11025.12,79421.69,82.55
Client_8,Technology,LinkedIn,Image,Tutorial,Thursday,13:00,20068,21047,2235,234,192,397,18397,47893,147,19,14126.27,59601.13,67.59
Client_1,Fashion,Facebook,Video,Product Education,Monday,21:00,13112,15040,1754,5,406,223,12188,57664,90,0,12287.86,59636.91,52.66
Client_19,Finance,LinkedIn,Video,Tips,Sunday,21:00,21897,29785,2086,205,510,39,7238,12942,10,1,4475.58,17276.66,59.31
Client_3,Healthcare,Instagram,Image,Customer Story,Thursday,13:00,60258,64403,5511,167,635,1373,44471,13141,3019,247,4694.38,5348.71,69.79
Client_2,Technology,Facebook,Image,Tips,Tuesday,19:00,18551,27495,1737,96,187,25,2568,4903,1159,209,10669.7,62049.04,83.23
Client_3,Fashion,TikTok,Image,Tips,Sunday,09:00,64633,90418,4976,429,724,1124,14255,14231,5001,183,19860.37,88977.22,73.15
Client_18,Healthcare,TikTok,Carousel,Behind the Scenes,Monday,11:00,81331,154115,1154,106,140,150,34431,118029,5530,239,9482.64,31087.28,48.07
Client_15,Education,Instagram,Carousel,Tutorial,Sunday,21:00,25305,48944,2093,212,399,37,11639,24891,2246,431,6820.12,22701.94,80.06
Client_9,Food,LinkedIn,Carousel,Product Education,Wednesday,11:00,18405,32600,1934,122,483,403,18089,42549,1341,159,7424.57,10977.03,73.86
Client_12,Education,Facebook,Carousel,Product Education,Tuesday,11:00,88621,151866,11103,1184,1738,1205,4269,15521,5793,491,2396.94,15843.93,81.1
Client_19,Food,Instagram,Article,Product Education,Thursday,17:00,84835,159566,2717,255,109,256,37923,113487,6050,253,9630.68,74769.39,62.27
Client_16,Education,TikTok,Carousel,Tips,Monday,09:00,93894,158837,9043,942,1413,2667,10174,15504,3998,479,18681.08,17173.09,67.08
Client_9,Technology,LinkedIn,Video,Product Education,Thursday,17:00,93686,173436,2254,282,93,664,16658,57823,3796,294,6798.39,43705.55,59.01
Client_7,Education,Facebook,Article,Tutorial,Saturday,11:00,64353,101841,7687,25,65,1431,9586,36808,178,29,19015.54,45032.95,60.74
Client_19,Education,Instagram,Article,Promotion,Wednesday,09:00,83004,134195,7482,1100,1312,276,49144,144758,2384,81,19689.06,29206.99,56.27
Client_18,Finance,LinkedIn,Image,Promotion,Wednesday,19:00,52839,92868,2429,252,69,22,51749,50082,2972,255,14727.69,59406.43,65.0
Client_6,Fashion,Instagram,Carousel,Entertainment,Tuesday,15:00,81076,144884,10587,474,2274,536,11890,2264,5243,673,11014.48,31975.12,77.68
Client_6,Healthcare,Instagram,Article,Product Education,Monday,15:00,13562,21264,1091,119,114,272,10128,12189,973,31,11337.41,46373.89,70.61
Client_13,Healthcare,Facebook,Reel,Tutorial,Sunday,15:00,63429,110067,8485,889,1551,1037,40829,41932,5329,968,11228.76,37612.76,83.5
Client_17,Finance,Facebook,Article,Behind the Scenes,Saturday,15:00,67724,98140,3716,242,359,111,66538,20690,6710,340,3347.44,5095.12,63.69
Client_13,Fashion,LinkedIn,Video,Entertainment,Sunday,09:00,69028,84390,4606,676,1076,125,24000,67884,1208,109,9195.9,9528.91,57.23
Client_5,Healthcare,Instagram,Video,Tips,Tuesday,11:00,53557,76952,4485,159,850,50,3603,17953,4954,915,11708.41,51923.15,84.07
Client_12,Fashion,YouTube,Carousel,Entertainment,Friday,17:00,13822,26566,1525,134,242,12,1300,2318,1152,60,4587.14,11126.67,70.58
Client_5,Finance,Facebook,Reel,Promotion,Tuesday,15:00,60269,102807,4662,686,722,32,49830,229379,1011,55,1419.77,9109.17,63.21
Client_8,Education,TikTok,Video,Tutorial,Wednesday,15:00,84477,115703,5812,437,718,953,54661,18660,7117,736,2712.93,14146.27,80.49
Client_13,Healthcare,LinkedIn,Image,Entertainment,Friday,09:00,83872,156721,10210,646,141,1542,66760,161153,6677,221,17629.63,42880.12,68.09
Client_10,Technology,LinkedIn,Image,Promotion,Thursday,11:00,87099,135549,4968,375,759,903,5684,11704,1517,208,11132.02,77354.16,68.65
Client_2,Fashion,YouTube,Reel,Promotion,Thursday,11:00,95001,104874,8256,494,195,945,94265,89315,5941,783,4765.4,13984.11,78.4
Client_8,Healthcare,YouTube,Article,Behind the Scenes,Thursday,09:00,64657,67946,4462,507,573,878,60272,52093,538,77,12666.95,38433.63,63.29
Client_4,Education,LinkedIn,Video,Behind the Scenes,Monday,15:00,24231,25696,3112,53,411,267,2499,8689,295,53,19882.36,19302.73,63.68
Client_1,Food,LinkedIn,Reel,Behind the Scenes,Monday,13:00,50288,85713,5364,416,205,1606,14725,57465,3481,491,13441.25,49186.83,80.39
Client_12,Food,Instagram,Video,Product Education,Sunday,21:00,92863,112143,7660,1046,663,1912,83265,279071,9007,1700,19474.93,48667.43,82.6
Client_11,Fashion,Facebook,Video,Product Education,Monday,11:00,79547,152207,9747,254,1552,2110,2048,9928,2255,358,13919.53,32596.4,69.73
Client_18,Fashion,Facebook,Carousel,Entertainment,Friday,09:00,35076,60001,1218,179,278,319,31326,8115,787,13,18462.51,146372.85,53.6
Client_3,Technology,YouTube,Reel,Tips,Thursday,13:00,35604,39861,2046,152,329,91,13210,4222,3273,408,560.79,824.97,72.28
Client_14,Technology,Facebook,Carousel,Product Education,Saturday,17:00,50871,69089,1939,231,172,71,37310,114518,845,76,8050.51,29532.03,55.32
Client_6,Finance,TikTok,Video,Customer Story,Tuesday,13:00,19042,25173,1343,155,109,46,15542,21397,765,113,4502.36,33904.68,78.55
Client_18,Healthcare,LinkedIn,Carousel,Behind the Scenes,Friday,09:00,20728,38424,1908,139,289,457,10223,38430,1738,42,5538.21,24422.38,70.67
Client_8,Education,YouTube,Reel,Tips,Thursday,13:00,73931,146332,9090,487,86,2255,21983,21750,5716,6,12331.88,85554.98,68.54
Client_6,Technology,LinkedIn,Video,Product Education,Friday,13:00,87562,152359,4286,614,808,1046,49051,36583,7254,370,12751.78,100398.4,74.04
Client_20,Healthcare,Instagram,Video,Tutorial,Wednesday,11:00,65571,65799,9558,1227,352,1230,13182,44726,1082,186,8548.59,24833.16,72.74
Client_8,Food,Facebook,Image,Entertainment,Friday,13:00,27105,51092,2906,378,245,600,20185,22601,926,97,4112.04,11512.4,69.34
Client_16,Healthcare,LinkedIn,Video,Tips,Tuesday,13:00,88796,152502,13055,84,3222,1599,55675,201390,7859,1207,6854.53,48557.71,88.56
Client_12,Food,YouTube,Video,Behind the Scenes,Sunday,15:00,75453,121567,10993,1379,1850,787,5011,13005,7111,636,14629.65,49164.79,80.62
Client_8,Fashion,Facebook,Image,Customer Story,Saturday,13:00,89670,129292,11420,739,143,2899,36970,31455,7421,293,7393.16,27671.66,75.08
Client_14,Finance,LinkedIn,Reel,Tutorial,Friday,13:00,14217,23619,1809,86,401,85,6400,11214,897,0,545.96,1710.07,62.58
Client_13,Technology,Instagram,Reel,Product Education,Tuesday,09:00,24716,48713,2797,158,422,145,12931,20651,2081,230,14418.81,47960.52,78.23
Client_3,Finance,Facebook,Carousel,Customer Story,Tuesday,09:00,83495,108867,7124,928,368,391,81550,226012,1016,78,19046.27,142349.08,66.69
Client_17,Finance,TikTok,Reel,Entertainment,Thursday,19:00,63504,85977,2512,376,249,199,36092,110332,2045,179,17097.22,22577.29,55.37
Client_15,Food,LinkedIn,Video,Entertainment,Sunday,13:00,4773,6731,51,7,8,15,2111,10167,429,0,10638.66,16347.44,38.47
Client_17,Finance,Instagram,Article,Customer Story,Thursday,19:00,55987,70427,701,6,90,168,35859,133725,5441,134,2139.07,2008.48,42.79
Client_3,Food,Facebook,Reel,Customer Story,Thursday,17:00,27347,29882,62,10,12,17,26913,108294,759,106,8258.28,43369.55,47.9
Client_18,Fashion,TikTok,Article,Behind the Scenes,Wednesday,09:00,50036,63183,82,7,20,12,17260,49277,3197,453,3265.78,10216.47,49.47
Client_16,Technology,LinkedIn,Carousel,Entertainment,Tuesday,15:00,38520,73334,2510,121,310,669,38135,27928,1806,80,19264.86,22302.24,57.16
Client_15,Food,Facebook,Video,Product Education,Sunday,09:00,20750,36874,397,10,47,55,20189,99698,1104,189,1000.63,3304.96,58.24
Client_14,Fashion,TikTok,Image,Promotion,Saturday,19:00,14108,14896,678,48,62,130,5619,4984,106,5,992.18,4280.79,52.86
Client_3,Technology,YouTube,Image,Behind the Scenes,Thursday,17:00,71258,133259,2091,155,110,34,17024,54706,1805,157,3182.54,22773.43,56.1
Client_11,Healthcare,LinkedIn,Carousel,Behind the Scenes,Tuesday,15:00,60964,101047,7530,434,60,1365,13701,1579,1578,43,518.26,2139.0,62.18
Client_12,Fashion,LinkedIn,Carousel,Promotion,Sunday,21:00,35128,35879,2894,306,440,613,8283,33028,2043,379,641.23,1001.08,77.64
Client_12,Technology,LinkedIn,Carousel,Customer Story,Thursday,19:00,28366,41337,3944,356,196,403,2078,2301,93,15,5473.63,14272.46,62.61
Client_9,Healthcare,YouTube,Video,Behind the Scenes,Sunday,21:00,43936,68131,1493,138,329,216,31267,42580,1581,135,18017.13,31574.37,55.68
Client_9,Finance,YouTube,Image,Customer Story,Wednesday,11:00,90046,92110,2236,286,326,376,87804,347932,3414,153,5881.79,12802.72,52.6
Client_11,Food,TikTok,Video,Promotion,Saturday,17:00,56959,76129,4097,121,909,545,28599,30268,1864,122,11790.27,87577.03,72.22
Client_12,Fashion,Facebook,Article,Tips,Wednesday,17:00,23298,30676,1734,12,371,69,8472,36403,1425,214,9626.97,15287.95,72.82
Client_16,Finance,YouTube,Image,Promotion,Monday,11:00,27536,48096,1780,16,44,289,20800,62535,885,39,17592.9,50908.01,57.77
Client_9,Finance,Facebook,Reel,Behind the Scenes,Wednesday,15:00,15143,19939,657,20,55,24,13080,24176,703,119,2299.63,8349.16,68.91
Client_14,Education,YouTube,Article,Tutorial,Tuesday,21:00,13479,22334,1816,114,152,347,6147,30389,150,12,12347.71,51937.38,64.72
Client_18,Education,Instagram,Video,Entertainment,Tuesday,09:00,2011,3710,300,10,46,7,1329,6596,123,1,6440.29,29203.19,66.27
Client_10,Fashion,YouTube,Video,Tips,Saturday,13:00,32602,32680,4683,447,703,408,8381,5442,1085,132,18325.05,81363.49,80.01
Client_3,Food,TikTok,Article,Tips,Wednesday,09:00,65486,108345,1079,138,180,318,17828,31761,2964,371,9638.53,61682.08,61.0
Client_13,Education,TikTok,Video,Tips,Saturday,11:00,96301,158465,11303,1267,713,3334,982,2204,2101,357,15711.03,105124.23,76.67
Client_12,Education,Instagram,Reel,Entertainment,Saturday,13:00,34748,64781,773,112,81,87,33264,159282,1149,63,1602.56,4995.91,47.81
Client_1,Education,YouTube,Reel,Promotion,Monday,17:00,68876,71434,7065,219,668,1710,39847,172319,252,44,12907.95,23119.37,60.62
Client_14,Education,LinkedIn,Video,Entertainment,Friday,13:00,93983,136250,621,11,7,93,8812,10408,3385,512,9707.8,27690.78,46.31
Client_10,Healthcare,Facebook,Reel,Behind the Scenes,Tuesday,11:00,24920,37586,565,42,36,89,5529,23548,593,82,3147.26,9863.61,53.09
Client_6,Technology,Instagram,Carousel,Behind the Scenes,Saturday,11:00,36836,48086,5331,324,467,249,13263,61364,1100,111,13906.36,91534.64,77.71
Client_14,Technology,YouTube,Video,Tutorial,Tuesday,09:00,63118,92963,8568,242,629,423,61272,221972,5134,643,3292.05,3699.17,75.21
Client_4,Healthcare,Instagram,Image,Product Education,Sunday,13:00,81321,120685,11180,852,500,142,41379,864,6229,478,15611.62,24051.37,72.7
Client_12,Healthcare,Facebook,Image,Entertainment,Sunday,17:00,33833,52181,3419,500,443,1004,9832,46889,3008,372,2861.3,20824.99,87.37
Client_20,Technology,TikTok,Reel,Tips,Sunday,17:00,83656,137693,701,55,116,181,24730,100010,6859,823,1171.95,2488.93,51.81
Client_12,Healthcare,TikTok,Image,Product Education,Sunday,11:00,84295,143972,1895,137,325,248,39984,107168,1932,277,8009.89,33093.73,54.7
Client_13,Finance,Facebook,Carousel,Product Education,Tuesday,11:00,86529,96202,12644,1407,3052,2410,13535,65091,557,23,8982.97,13148.67,53.2
Client_12,Healthcare,Facebook,Video,Product Education,Monday,09:00,8523,10668,912,49,37,12,1561,4785,545,92,3990.02,10124.47,79.14
Client_15,Education,LinkedIn,Image,Behind the Scenes,Tuesday,11:00,43163,51835,3365,477,377,960,3197,4680,929,68,15346.1,78764.96,69.51
Client_5,Fashion,LinkedIn,Carousel,Behind the Scenes,Tuesday,17:00,92453,110558,2052,112,269,53,45503,132864,7121,1140,15359.79,17699.66,58.94
Client_5,Fashion,Facebook,Video,Promotion,Sunday,17:00,27625,50066,1706,60,298,204,21012,91401,367,72,5526.05,35953.86,67.99
Client_17,Education,YouTube,Carousel,Entertainment,Sunday,19:00,34476,68494,2047,269,210,545,11084,44470,166,19,15032.24,91926.81,61.93
Client_19,Finance,YouTube,Reel,Behind the Scenes,Saturday,19:00,91124,164971,11593,545,178,3025,2339,1982,6492,878,10793.91,23385.9,76.73
Client_3,Fashion,TikTok,Carousel,Tutorial,Sunday,09:00,98494,181256,3360,148,679,867,35687,52708,9500,186,5879.99,14344.26,56.57
Client_2,Fashion,Instagram,Carousel,Behind the Scenes,Friday,21:00,48436,78358,1963,222,205,306,46177,225177,4701,640,16561.03,49718.48,72.03
Client_3,Technology,Instagram,Video,Behind the Scenes,Tuesday,19:00,35946,56066,4333,523,666,580,22810,37588,3323,106,8501.06,23614.96,71.95
Client_1,Finance,Instagram,Article,Tips,Tuesday,21:00,58265,107793,433,62,77,45,45984,130138,4145,187,17226.62,78216.75,46.93
Client_5,Finance,LinkedIn,Video,Entertainment,Sunday,13:00,18257,22367,718,27,67,13,5530,9449,641,21,11980.39,68921.03,58.18
Client_7,Food,Facebook,Image,Customer Story,Tuesday,17:00,90073,124926,967,80,28,155,13950,1729,7270,1440,1974.41,11466.24,63.41
Client_6,Food,Instagram,Article,Promotion,Friday,21:00,2650,4525,124,14,12,30,1824,6108,206,31,6531.73,17112.4,72.08
Client_12,Technology,YouTube,Reel,Entertainment,Saturday,13:00,36502,40984,270,28,13,72,10867,5939,1507,14,14738.87,102744.71,42.98
Client_6,Education,LinkedIn,Article,Entertainment,Tuesday,17:00,53042,102438,4293,144,325,263,51261,134412,420,65,4151.97,15503.57,62.18
Client_12,Healthcare,Instagram,Image,Entertainment,Tuesday,17:00,23374,43734,2504,316,273,18,22518,74861,1236,13,3167.9,10932.11,61.83
Client_4,Fashion,LinkedIn,Image,Entertainment,Thursday,13:00,47805,71737,1928,122,446,359,22611,109938,2473,9,8903.12,27436.96,53.11
Client_9,Technology,TikTok,Image,Entertainment,Wednesday,13:00,23937,36376,1347,156,50,270,21251,6052,800,116,19508.4,38812.5,64.93
Client_18,Technology,Instagram,Video,Entertainment,Monday,09:00,81331,90430,4713,119,755,1234,12506,38193,7207,84,7691.91,17626.94,63.14
Client_9,Healthcare,YouTube,Reel,Promotion,Thursday,19:00,12205,20762,792,81,107,27,7924,26878,824,121,18062.4,139201.49,80.52
Client_7,Food,Instagram,Carousel,Tips,Wednesday,13:00,60899,84006,4694,535,434,553,32565,10240,1627,294,12584.44,22176.28,67.38
Client_19,Technology,Facebook,Video,Promotion,Monday,09:00,39879,58211,852,51,113,149,8737,17374,3214,461,11636.73,42351.62,65.14
Client_6,Technology,LinkedIn,Article,Behind the Scenes,Wednesday,19:00,71213,137583,8254,588,2054,2379,47596,158492,2791,78,16731.88,32264.6,59.99
Client_18,Food,LinkedIn,Video,Tips,Saturday,11:00,64463,115543,598,31,50,170,2648,12046,4154,806,641.78,1706.13,53.5
Client_3,Food,LinkedIn,Article,Promotion,Thursday,13:00,5514,10023,790,91,89,164,1124,3326,181,8,9232.04,29217.38,65.16
Client_4,Healthcare,LinkedIn,Carousel,Product Education,Sunday,21:00,66332,128264,3912,253,806,868,13077,20541,2292,406,514.55,1571.1,68.69
Client_1,Technology,Facebook,Carousel,Product Education,Friday,21:00,87207,100955,7405,461,594,1937,14319,12933,1142,107,17499.12,112964.2,69.45
Client_6,Healthcare,LinkedIn,Carousel,Tips,Monday,13:00,77596,98952,7088,374,506,1588,57896,19747,3067,255,6029.38,35349.69,76.43
Client_4,Healthcare,YouTube,Reel,Behind the Scenes,Wednesday,19:00,38686,73997,3497,157,438,786,16870,76937,401,63,10384.08,66289.48,69.46
Client_1,Technology,LinkedIn,Video,Product Education,Thursday,17:00,11552,21802,1261,185,32,201,1684,1333,810,102,3556.63,15307.62,79.88
Client_11,Technology,YouTube,Reel,Tips,Tuesday,21:00,50633,91375,4544,630,56,352,31768,151593,4223,461,8449.93,62460.31,82.52
Client_9,Food,YouTube,Carousel,Tutorial,Monday,17:00,99220,152103,5675,46,1325,809,72562,39409,5765,42,11337.19,29879.35,57.14
Client_7,Fashion,Instagram,Reel,Promotion,Sunday,11:00,93748,111053,5391,721,635,694,10947,52605,492,95,4081.13,11654.33,59.69
Client_6,Food,LinkedIn,Image,Behind the Scenes,Sunday,13:00,4722,7006,605,61,6,48,3585,4408,90,9,8436.62,9467.4,61.21
Client_1,Food,Instagram,Reel,Entertainment,Saturday,09:00,89274,172734,3221,103,654,947,6263,8197,8399,1542,2107.27,9829.29,75.2
Client_7,Finance,Facebook,Carousel,Tips,Tuesday,19:00,7367,10661,399,21,11,59,5850,16042,615,80,5243.93,33117.72,79.03
Client_9,Education,TikTok,Image,Tutorial,Sunday,19:00,60312,76512,5806,545,1451,559,57158,104282,1267,40,14461.07,44730.18,60.71
Client_13,Fashion,Instagram,Reel,Entertainment,Saturday,19:00,17900,30077,261,34,24,6,1227,1159,621,86,1136.38,5134.09,53.09
Client_1,Healthcare,Facebook,Reel,Customer Story,Friday,13:00,89014,102954,1613,193,124,341,61756,182976,3057,94,8604.86,37911.99,49.43
Client_9,Healthcare,YouTube,Carousel,Promotion,Wednesday,13:00,72664,104281,5028,123,677,142,11044,21136,5089,945,2010.56,3965.96,74.14
Client_2,Technology,YouTube,Article,Product Education,Thursday,17:00,16547,17303,2188,192,502,35,12352,36381,398,23,1869.9,1771.78,61.86
Client_9,Finance,Instagram,Image,Tutorial,Tuesday,15:00,23754,39386,1974,295,423,475,7522,22385,1229,181,11175.23,65494.19,80.94
Client_18,Technology,Facebook,Image,Promotion,Monday,15:00,62438,116524,1440,128,337,358,13279,64773,3936,183,5195.51,6124.42,48.86
Client_4,Fashion,YouTube,Carousel,Behind the Scenes,Friday,19:00,22188,27559,1751,64,52,343,5206,2537,900,39,13926.82,108753.23,72.33
Client_8,Healthcare,YouTube,Video,Entertainment,Tuesday,17:00,76908,124411,171,7,13,48,76571,33660,4803,445,9233.22,9946.43,38.65
Client_3,Food,TikTok,Video,Promotion,Friday,17:00,73525,83754,5345,148,333,128,35849,174402,3189,343,7968.03,41325.78,75.36
Client_4,Finance,Facebook,Reel,Promotion,Thursday,09:00,97842,129570,12306,750,2817,3384,31101,154214,7753,318,5739.25,29993.19,78.52
Client_14,Finance,Instagram,Image,Entertainment,Tuesday,21:00,14576,18398,735,13,138,216,10880,49751,459,14,11816.05,59253.59,62.03
Client_2,Technology,TikTok,Video,Tips,Wednesday,11:00,71093,118366,406,9,52,106,59619,48688,6418,72,10624.9,50739.83,42.66
Client_9,Finance,TikTok,Reel,Promotion,Monday,19:00,11094,18653,862,82,32,136,6165,23828,506,52,19945.21,69144.02,71.22
Client_3,Food,LinkedIn,Article,Tutorial,Saturday,19:00,11781,19302,1161,47,271,113,11394,15783,675,71,5727.88,11594.63,72.43
Client_9,Fashion,Facebook,Article,Tutorial,Friday,13:00,2345,2431,291,31,12,12,1191,2090,206,3,1384.29,8926.7,76.03
Client_5,Finance,LinkedIn,Video,Promotion,Saturday,09:00,59317,111222,2858,9,46,396,34790,34478,4349,619,11126.94,85788.68,75.45
Client_18,Technology,YouTube,Video,Behind the Scenes,Thursday,11:00,63614,95833,6154,409,887,388,35694,142026,4558,879,17981.94,44704.59,79.36
Client_9,Food,LinkedIn,Reel,Product Education,Friday,21:00,22977,33183,3248,51,653,318,5678,23808,1336,50,10308.51,37964.08,72.12
Client_15,Finance,Instagram,Video,Entertainment,Friday,15:00,57111,98104,5739,163,964,1344,30548,40978,1511,132,2449.01,2344.48,60.61
Client_4,Technology,TikTok,Article,Tutorial,Friday,17:00,93837,123804,2871,267,45,639,32346,94752,5444,663,2801.55,7987.03,64.56
Client_8,Healthcare,Facebook,Image,Customer Story,Tuesday,19:00,47086,61005,1593,93,219,220,1779,1754,1162,34,19055.44,128992.2,55.0
Client_12,Technology,YouTube,Article,Behind the Scenes,Saturday,15:00,33313,37095,3211,148,180,444,32611,107236,2907,557,17806.53,105029.89,88.56
Client_6,Food,TikTok,Article,Product Education,Sunday,11:00,7175,10738,1067,45,41,245,3118,7208,695,104,2009.21,4651.15,82.11
Client_1,Food,TikTok,Reel,Customer Story,Thursday,13:00,58370,111265,109,6,20,14,58227,134164,1739,208,3472.47,26649.02,44.47
Client_17,Technology,Facebook,Reel,Promotion,Sunday,13:00,22023,26565,2337,160,417,520,6659,9972,1229,131,3721.13,8182.24,76.28
Client_13,Food,TikTok,Article,Tips,Sunday,17:00,35648,54216,1824,38,223,543,1281,5321,1044,39,15901.71,51901.17,57.45
Client_1,Fashion,TikTok,Article,Promotion,Saturday,19:00,98805,177796,4272,180,658,164,50439,200485,7325,597,5274.86,41982.93,71.68
Client_18,Finance,LinkedIn,Carousel,Entertainment,Sunday,11:00,69923,121427,1435,44,117,291,48647,12464,2980,82,4543.63,31750.28,50.9
Client_7,Technology,LinkedIn,Image,Tips,Wednesday,17:00,46505,88964,2770,227,15,374,30322,57124,935,180,13691.93,19036.35,58.3
Client_19,Education,Instagram,Video,Tips,Tuesday,11:00,72328,105970,1495,199,25,318,8637,12725,3510,436,7348.97,43292.64,62.97
Client_14,Technology,LinkedIn,Carousel,Tutorial,Thursday,13:00,97704,117910,3227,166,541,910,50100,44544,2220,102,3115.32,17930.36,57.66
Client_16,Food,LinkedIn,Article,Entertainment,Sunday,09:00,71387,81230,10551,347,1399,2208,40927,156595,2956,246,14942.53,66767.18,78.35
Client_10,Technology,TikTok,Image,Tips,Tuesday,19:00,52279,57620,2617,366,153,462,44194,27759,390,63,15862.12,42278.54,58.29
Client_17,Finance,YouTube,Article,Promotion,Wednesday,21:00,91844,144271,2507,261,51,141,39215,996,7554,1423,1226.29,3722.91,66.0
Client_19,Food,YouTube,Video,Tips,Monday,21:00,66759,121391,4187,492,571,951,19168,34290,1326,184,3882.21,17140.03,67.01
Client_13,Finance,Instagram,Image,Behind the Scenes,Thursday,13:00,61834,75911,3906,185,329,676,23315,85174,1811,217,9834.55,28900.27,67.91
Client_15,Finance,TikTok,Video,Promotion,Saturday,11:00,45732,57831,3158,72,772,409,35876,135508,2222,344,9334.74,12404.05,70.73
Client_15,Healthcare,LinkedIn,Article,Tutorial,Monday,09:00,95119,153958,10453,1049,804,891,7483,16123,5406,707,7995.08,21302.11,75.89
Client_1,Education,TikTok,Video,Tips,Tuesday,17:00,68897,98542,8539,533,1579,494,23136,68959,3899,206,14344.95,65764.62,75.25
Client_14,Food,YouTube,Image,Customer Story,Wednesday,11:00,48339,92485,1097,55,70,197,12606,56873,3201,569,7767.78,33535.14,63.69
Client_18,Education,Facebook,Carousel,Tutorial,Monday,13:00,86273,160861,3423,490,285,418,5695,15586,2397,229,1823.25,9689.67,61.43
Client_18,Fashion,Facebook,Reel,Entertainment,Sunday,15:00,95504,171343,3529,92,573,677,37389,130797,8637,505,14884.27,58023.73,65.54
Client_12,Finance,Facebook,Video,Customer Story,Wednesday,09:00,44332,49557,4209,276,569,707,25002,37537,2227,431,8167.89,54752.51,86.29
Client_19,Finance,TikTok,Image,Tips,Thursday,13:00,4525,7030,308,31,10,82,2120,6432,97,15,5393.92,39243.58,72.87
Client_12,Technology,TikTok,Image,Product Education,Wednesday,11:00,80942,132685,11059,129,1608,2452,57459,65751,6952,318,3701.22,16948.9,77.18
Client_7,Fashion,TikTok,Carousel,Behind the Scenes,Monday,17:00,71188,78759,10529,840,927,649,68173,266822,3426,153,11372.15,56210.6,75.96
Client_3,Finance,Facebook,Article,Tips,Wednesday,15:00,8883,12332,1169,22,200,329,8781,3457,213,5,11578.85,20242.06,57.38
Client_12,Healthcare,TikTok,Image,Tips,Sunday,15:00,81828,138168,2819,37,101,549,49722,14264,3503,113,3165.12,19848.5,56.87
Client_15,Fashion,YouTube,Carousel,Behind the Scenes,Friday,13:00,62895,63434,3534,58,812,546,26149,60576,15,4,16394.13,111690.69,63.59
Client_16,Food,Facebook,Article,Customer Story,Monday,21:00,73955,134032,4812,157,391,984,27123,27201,4279,73,7609.08,15583.03,56.93
Client_14,Finance,Facebook,Reel,Customer Story,Tuesday,09:00,76692,153329,8154,339,350,1343,57398,78271,1911,136,16091.61,101174.07,68.67
Client_19,Fashion,Facebook,Article,Product Education,Wednesday,13:00,72690,75997,4590,9,705,491,14694,20740,134,1,19029.65,125176.45,47.24
Client_11,Healthcare,YouTube,Article,Customer Story,Saturday,17:00,83238,165365,3908,165,643,636,60762,298525,4769,608,15988.69,57867.58,68.61
Client_5,Food,Facebook,Video,Product Education,Sunday,15:00,89790,164661,1628,38,305,365,67665,17467,2367,452,13884.79,20062.2,47.94
Client_19,Technology,Instagram,Carousel,Tips,Tuesday,09:00,2509,4250,255,30,15,74,248,226,111,14,4410.64,14108.13,74.63
Client_5,Finance,Instagram,Article,Promotion,Monday,13:00,45655,90253,1740,30,310,175,3431,5613,1964,338,11203.85,54818.16,66.65
Client_17,Fashion,LinkedIn,Video,Entertainment,Friday,21:00,93249,141435,10055,1461,1785,2243,79143,70888,8984,1230,18806.92,140609.24,89.05
Client_13,Finance,TikTok,Image,Tutorial,Saturday,17:00,9413,16584,409,53,57,29,9110,5194,461,89,13155.27,30954.6,66.28
Client_18,Technology,TikTok,Video,Entertainment,Thursday,17:00,8113,10850,70,7,16,5,3130,451,662,86,9299.22,29976.89,56.36
Client_10,Food,YouTube,Carousel,Behind the Scenes,Saturday,13:00,24196,41860,193,27,18,11,9076,7737,2262,301,17080.87,32526.49,51.17
Client_5,Technology,YouTube,Article,Entertainment,Sunday,11:00,20992,38561,145,16,17,27,9058,28262,1746,92,17719.02,44247.34,44.62
Client_6,Technology,Instagram,Video,Tutorial,Friday,17:00,7742,10443,376,23,22,14,3574,7083,482,51,1838.43,8355.1,71.51
Client_13,Education,LinkedIn,Article,Behind the Scenes,Thursday,13:00,57712,107199,3115,224,601,245,5988,21132,5258,1038,8684.76,58615.97,81.52
Client_1,Food,Facebook,Carousel,Tutorial,Monday,11:00,83039,104448,11420,1017,195,2800,10120,43859,6746,434,16208.59,116646.75,83.99
Client_5,Food,YouTube,Video,Customer Story,Tuesday,19:00,43659,70650,4928,100,404,724,10217,12091,3565,340,16645.45,39241.57,76.1
Client_9,Healthcare,YouTube,Image,Tips,Wednesday,11:00,20942,33802,1010,119,166,230,5880,14919,1383,204,12693.97,74626.82,77.69
Client_15,Healthcare,LinkedIn,Carousel,Tutorial,Thursday,19:00,5572,9810,567,67,46,77,2370,11578,151,19,14279.9,110603.21,75.69
Client_6,Education,Instagram,Video,Tips,Saturday,15:00,46879,69439,254,10,25,55,17554,54488,3935,676,18396.56,54957.59,54.18
Client_8,Technology,Instagram,Image,Promotion,Wednesday,17:00,77954,81095,354,47,62,51,61282,252424,6078,342,16342.43,39079.73,46.37
Client_10,Finance,Facebook,Article,Tutorial,Friday,21:00,29029,38224,3055,435,266,385,10440,44263,1479,10,3445.68,6230.23,59.99
Client_19,Food,Facebook,Carousel,Tutorial,Wednesday,15:00,4246,5639,61,6,12,16,1905,3267,216,40,15411.96,117588.26,65.71
Client_20,Education,YouTube,Video,Customer Story,Sunday,13:00,15326,25883,1395,124,83,249,12232,43433,1030,203,2351.27,10279.69,81.83
Client_7,Food,LinkedIn,Video,Behind the Scenes,Tuesday,15:00,62531,111894,1393,135,188,313,56895,267619,3353,197,6434.37,44430.32,59.35
Client_8,Healthcare,YouTube,Reel,Promotion,Wednesday,15:00,75946,117812,2368,354,284,153,51292,147937,437,28,12504.4,52475.52,46.69
Client_13,Education,Facebook,Article,Tutorial,Saturday,17:00,71031,113111,5052,652,329,82,26363,59185,5591,794,10907.82,52195.23,79.5
Client_14,Education,YouTube,Image,Tips,Saturday,11:00,35664,57940,3420,259,571,230,31176,76776,3458,256,3500.5,22633.66,81.84
Client_14,Food,Instagram,Article,Behind the Scenes,Saturday,19:00,76395,126086,6919,275,1556,344,37951,99539,5728,1085,19472.31,104255.76,84.15
Client_8,Healthcare,YouTube,Article,Product Education,Tuesday,19:00,69105,122150,9047,963,1982,2300,45283,92146,1777,269,3680.83,28519.62,78.15
Client_17,Finance,Facebook,Image,Tutorial,Sunday,17:00,76237,137912,329,48,33,67,43664,189965,5566,349,7017.34,42327.69,49.04
Client_11,Technology,Instagram,Reel,Entertainment,Thursday,09:00,41897,67457,1603,28,288,17,29136,5411,1630,124,718.52,830.47,52.23
Client_5,Education,Instagram,Carousel,Tutorial,Wednesday,21:00,32392,62440,4216,105,324,61,9627,22533,2441,468,2635.54,11175.04,82.54
Client_10,Healthcare,Facebook,Reel,Customer Story,Monday,09:00,44939,74470,6012,96,1084,1620,40067,192046,2622,134,10030.35,74279.2,77.88
Client_3,Food,Facebook,Article,Promotion,Thursday,11:00,13170,17045,760,56,146,101,11878,39517,160,15,12745.75,86859.96,64.91
Client_7,Fashion,Instagram,Image,Entertainment,Tuesday,13:00,80476,120008,10162,1083,751,2155,46215,173460,5048,225,5237.74,8926.3,68.29
Client_8,Healthcare,TikTok,Carousel,Customer Story,Thursday,09:00,14481,28740,1294,183,177,192,12550,26442,1276,64,17852.29,37659.65,69.09
Client_16,Healthcare,Facebook,Reel,Promotion,Friday,21:00,68516,127700,6534,783,498,1372,15414,60748,5530,908,15531.05,54447.67,80.81
Client_13,Food,YouTube,Reel,Product Education,Sunday,21:00,46829,60363,5845,493,1351,13,3252,14284,766,123,1983.44,10868.35,74.55
Client_3,Fashion,Instagram,Video,Behind the Scenes,Sunday,19:00,97061,175096,12601,798,2157,682,47290,14310,6353,1006,9248.61,34882.22,80.75
Client_15,Finance,Instagram,Article,Product Education,Wednesday,13:00,53177,78614,3719,255,198,508,5581,15217,2182,280,17913.02,77567.07,73.27
Client_2,Finance,Instagram,Reel,Customer Story,Monday,11:00,85223,94315,11708,494,1846,2703,54626,78450,7468,274,16728.0,40951.94,74.04
Client_17,Technology,TikTok,Reel,Tutorial,Saturday,09:00,18186,23324,419,56,9,64,8151,32943,1689,244,12271.21,71206.42,70.63
Client_14,Healthcare,Instagram,Video,Customer Story,Sunday,19:00,55130,66599,7816,1099,1605,1910,43788,77663,5124,818,9709.57,68868.63,91.58
Client_7,Healthcare,TikTok,Article,Promotion,Saturday,19:00,46665,92822,4556,294,1082,924,30797,84882,691,82,1953.45,14863.01,71.12
Client_5,Healthcare,LinkedIn,Video,Entertainment,Tuesday,13:00,60866,106107,4346,278,898,272,10079,24753,4682,49,14950.14,64910.98,64.74
Client_15,Finance,TikTok,Image,Entertainment,Friday,11:00,98571,190087,14027,2066,1994,3394,61238,82031,5518,978,9323.0,60467.03,83.92
Client_12,Technology,YouTube,Video,Behind the Scenes,Friday,15:00,33663,44379,2690,263,284,20,22830,33531,926,181,9511.5,72899.05,77.79
Client_16,Technology,YouTube,Image,Entertainment,Tuesday,15:00,25302,26016,2607,144,225,5,11207,53290,698,86,4243.54,20215.77,76.1
Client_20,Finance,TikTok,Video,Promotion,Tuesday,13:00,92753,111894,13612,1565,1053,1193,10231,22414,3967,609,9532.36,41809.77,81.9
Client_12,Finance,Instagram,Video,Tips,Friday,15:00,60570,74364,6944,649,59,1417,12888,63707,1739,314,8686.05,54372.68,80.51
Client_15,Technology,Instagram,Image,Product Education,Saturday,09:00,41741,42483,3208,393,597,706,15945,5190,731,132,9506.72,53680.5,75.61
Client_3,Education,Facebook,Image,Entertainment,Tuesday,11:00,15877,29260,1464,74,232,301,7991,25093,352,58,1679.79,11497.69,74.52
Client_4,Technology,TikTok,Article,Customer Story,Tuesday,19:00,27288,47863,884,30,94,105,14293,50440,987,41,3278.29,11215.13,51.54
Client_11,Food,TikTok,Image,Product Education,Wednesday,15:00,24699,38407,2010,17,385,295,20604,102645,2142,185,1455.36,9623.71,81.57
Client_2,Finance,Facebook,Article,Tips,Sunday,13:00,90303,170797,10087,1121,1017,1057,81918,354198,5646,1014,882.25,6433.63,84.5
Client_10,Healthcare,Instagram,Reel,Tips,Sunday,09:00,14246,26016,1204,142,146,131,7032,29013,1288,170,18119.03,49816.66,77.72
Client_12,Technology,LinkedIn,Video,Customer Story,Monday,15:00,33407,41097,2157,254,311,570,24473,44747,2272,40,19853.37,32672.57,61.86
Client_4,Fashion,LinkedIn,Carousel,Product Education,Wednesday,17:00,9815,16294,814,7,179,155,8868,27278,263,7,2198.06,4868.93,56.24
Client_2,Finance,Instagram,Article,Promotion,Wednesday,15:00,45010,73017,5481,539,575,1577,43936,86920,2425,301,8432.89,59237.01,83.12
Client_6,Technology,Facebook,Carousel,Entertainment,Saturday,17:00,53504,87010,4207,205,167,808,10688,15116,5184,614,6919.32,46710.18,83.65
Client_19,Fashion,Facebook,Reel,Entertainment,Tuesday,13:00,24121,37234,2276,168,154,595,8271,35485,1969,148,18066.22,47663.76,75.07
Client_2,Healthcare,Instagram,Image,Tips,Sunday,13:00,29236,34910,806,100,36,142,10910,1188,1933,279,16953.99,40109.92,65.02
Client_4,Healthcare,Facebook,Video,Promotion,Wednesday,15:00,64582,128083,5637,353,589,1425,34656,38667,4401,532,5925.8,39404.7,80.91
Client_18,Finance,TikTok,Reel,Product Education,Saturday,09:00,1271,1904,100,9,5,17,975,4238,17,5,16011.38,97515.84,72.11
Client_19,Fashion,TikTok,Article,Behind the Scenes,Sunday,19:00,99432,111209,9901,308,2052,333,81879,390171,9756,1056,18624.67,121803.61,86.81
Client_6,Finance,YouTube,Image,Tutorial,Friday,13:00,63939,75695,3027,310,347,370,35408,28071,3815,419,1128.76,7037.64,76.22
Client_15,Healthcare,Facebook,Article,Customer Story,Wednesday,17:00,15378,24540,1983,123,103,537,687,3377,480,89,12101.56,65567.36,78.86
Client_19,Finance,YouTube,Carousel,Product Education,Friday,13:00,59868,114277,3608,481,423,1072,59265,256464,2815,319,15039.78,119010.66,75.97
Client_18,Healthcare,LinkedIn,Image,Promotion,Monday,17:00,81672,158946,9069,847,949,2194,59448,9300,171,4,14007.04,77975.45,54.55
Client_11,Finance,Facebook,Carousel,Behind the Scenes,Saturday,11:00,80295,103905,10706,434,488,1400,16805,38239,5445,1073,923.91,6358.56,89.0
Client_7,Education,LinkedIn,Video,Tips,Tuesday,17:00,10082,16324,1175,106,169,311,8374,5650,875,107,3620.67,28828.34,87.68
Client_9,Finance,Instagram,Reel,Customer Story,Tuesday,17:00,28669,40287,3132,421,218,779,15835,25238,313,15,8084.3,37960.32,62.07
Client_7,Technology,LinkedIn,Reel,Customer Story,Monday,19:00,84109,135038,7601,97,1547,858,29583,140219,2168,267,5610.2,15412.32,67.84
Client_18,Technology,LinkedIn,Image,Tips,Saturday,17:00,12190,13609,1322,181,246,365,7530,6600,401,62,14974.08,28261.64,74.17
Client_18,Healthcare,TikTok,Image,Tips,Saturday,09:00,39357,65231,2654,108,657,368,27764,3672,2664,513,17252.98,102512.77,82.15
Client_1,Technology,Facebook,Video,Product Education,Wednesday,17:00,47071,51970,5286,234,448,68,18653,77727,2999,445,19036.75,42786.8,79.12
Client_18,Healthcare,YouTube,Image,Product Education,Tuesday,19:00,81465,91178,4006,69,285,314,41137,152669,6694,803,3103.31,13730.09,75.64
Client_18,Food,Facebook,Image,Product Education,Saturday,15:00,27736,44214,3628,6,274,66,25921,98828,824,43,19944.73,96934.17,68.22
Client_17,Technology,Facebook,Carousel,Tips,Thursday,17:00,96196,115502,5131,214,175,1231,73757,101074,4403,400,10840.77,52968.24,72.06
Client_12,Finance,Instagram,Reel,Promotion,Saturday,17:00,99898,163521,6034,760,1156,1366,84279,59032,5532,483,9088.63,51908.6,74.97
Client_4,Food,TikTok,Reel,Product Education,Sunday,11:00,51080,69060,2596,132,513,267,5081,11480,1488,104,12597.7,31809.51,59.96
Client_7,Education,TikTok,Image,Tutorial,Monday,11:00,37399,67587,4421,550,480,333,34216,141797,2240,295,13610.07,93220.24,82.67
Client_12,Fashion,LinkedIn,Carousel,Entertainment,Saturday,13:00,7174,13398,783,6,67,172,2806,13831,420,54,6766.85,36413.37,80.0
Client_19,Education,YouTube,Article,Customer Story,Saturday,19:00,3969,7011,173,10,42,9,2409,3204,81,2,14038.12,81017.99,52.81
Client_14,Education,Instagram,Article,Promotion,Friday,09:00,42580,49753,2289,108,31,12,31624,104731,3735,507,12228.73,54190.08,76.56
Client_18,Healthcare,Instagram,Article,Behind the Scenes,Monday,11:00,70547,100791,8026,1143,944,1520,63510,20120,6642,1317,15893.62,75693.44,88.17
Client_13,Fashion,TikTok,Article,Tips,Monday,17:00,95911,145073,2845,191,71,628,93953,14021,4115,56,12295.97,13925.29,42.29
Client_6,Fashion,LinkedIn,Video,Tips,Saturday,17:00,36098,50936,4694,383,369,157,10213,33680,1853,184,9992.24,60808.98,80.85
Client_3,Technology,Facebook,Reel,Product Education,Saturday,11:00,42520,60698,2971,249,356,463,39836,161243,3477,57,1326.37,6673.99,69.08
Client_16,Healthcare,LinkedIn,Image,Promotion,Friday,19:00,99887,159469,3911,251,546,661,91543,65455,3500,122,11842.51,78448.97,59.27
Client_16,Healthcare,YouTube,Video,Product Education,Wednesday,21:00,46992,56807,2066,144,404,523,7693,16431,440,38,16569.65,77723.65,58.49
Client_11,Education,Instagram,Image,Promotion,Saturday,11:00,43900,81205,1997,291,202,99,39635,18634,155,7,6094.3,22424.39,46.44
Client_11,Education,Instagram,Reel,Product Education,Monday,19:00,94033,124523,12743,1671,448,2825,80242,22383,825,64,3228.88,22901.95,68.16
Client_14,Food,Facebook,Reel,Customer Story,Monday,17:00,39142,71514,3538,24,649,280,18414,68173,3435,205,2562.38,12781.69,76.2
Client_6,Finance,LinkedIn,Article,Promotion,Friday,15:00,7795,8800,836,114,31,10,6865,28918,452,74,2704.91,15083.52,85.19
Client_7,Food,Facebook,Reel,Tips,Saturday,21:00,3220,4407,68,6,5,20,2789,10775,170,13,3852.82,10817.99,56.56
Client_11,Fashion,LinkedIn,Article,Promotion,Sunday,21:00,33276,63653,4660,153,901,90,32629,60573,1224,147,15746.15,85752.22,76.18
Client_9,Food,LinkedIn,Reel,Promotion,Tuesday,15:00,92217,162921,5329,691,264,1359,68613,205111,1736,328,1516.4,7197.0,67.81
Client_1,Finance,TikTok,Carousel,Entertainment,Wednesday,19:00,88957,113296,7877,368,253,850,49669,66218,6632,344,14875.13,37248.81,71.02
Client_12,Finance,TikTok,Carousel,Promotion,Saturday,11:00,51057,99939,5259,545,698,40,48542,109910,3863,167,11796.49,76994.88,74.85
Client_16,Finance,Facebook,Image,Tips,Tuesday,19:00,57432,57997,7751,403,1581,1169,31092,11865,702,119,19076.9,114418.32,75.65
Client_5,Finance,Facebook,Reel,Customer Story,Friday,13:00,93003,179932,2340,274,447,561,79285,235579,657,16,5891.81,24391.57,39.95
Client_12,Fashion,LinkedIn,Video,Tutorial,Thursday,17:00,75689,126004,2514,280,144,626,66609,184696,838,146,8393.83,41109.62,58.18
Client_9,Healthcare,YouTube,Video,Customer Story,Sunday,09:00,72728,73957,10128,857,302,2194,70801,134488,4710,502,14393.46,104880.99,87.64
Client_20,Food,TikTok,Carousel,Product Education,Wednesday,13:00,24719,43959,2559,272,560,643,20966,30858,1148,127,3927.91,15482.5,75.71
Client_16,Education,TikTok,Carousel,Entertainment,Friday,11:00,77793,143185,8591,878,384,617,43413,164945,4920,457,5204.82,8646.9,70.21
Client_11,Healthcare,Instagram,Reel,Product Education,Thursday,21:00,36380,55745,1050,24,23,251,2508,1875,3209,433,3030.4,2853.09,60.14
Client_15,Technology,YouTube,Carousel,Tutorial,Friday,21:00,64427,113597,2323,129,169,173,23497,79503,3168,63,3362.81,19243.79,55.05
Client_19,Healthcare,Facebook,Article,Product Education,Saturday,11:00,89023,150634,4711,440,1006,1065,70169,202529,4142,675,7920.75,36084.73,74.08
Client_1,Education,YouTube,Reel,Customer Story,Friday,21:00,24472,33026,2783,36,88,158,557,1695,868,166,17838.69,86064.35,78.91
Client_7,Technology,Instagram,Article,Tips,Saturday,19:00,45152,68675,6509,582,273,1187,29229,86435,1393,59,16718.47,30784.15,62.09
Client_14,Fashion,YouTube,Article,Tips,Tuesday,15:00,33853,39615,2488,330,293,359,22664,706,2085,160,11734.35,55611.46,77.39
Client_5,Technology,TikTok,Carousel,Tutorial,Tuesday,15:00,49570,94958,4381,11,376,237,10571,21199,3258,370,5823.65,6540.09,67.45
Client_10,Healthcare,LinkedIn,Video,Promotion,Tuesday,11:00,89940,115355,2976,383,678,564,43309,76259,7180,19,3311.74,17581.48,59.63
Client_17,Education,Instagram,Video,Customer Story,Sunday,19:00,1917,3471,93,8,10,6,397,32,33,6,13171.21,65778.84,63.66
Client_1,Fashion,TikTok,Carousel,Entertainment,Tuesday,13:00,9986,18106,754,13,64,74,8807,30832,226,27,13302.48,60585.07,66.9
Client_10,Technology,Facebook,Article,Tutorial,Thursday,09:00,67025,125661,6935,1024,897,849,25401,42535,686,122,17566.43,91025.59,69.58
Client_5,Education,TikTok,Reel,Behind the Scenes,Wednesday,17:00,67729,70381,5263,283,959,358,51294,11467,3069,351,3736.08,24802.41,80.95
Client_4,Fashion,Instagram,Reel,Product Education,Thursday,21:00,63569,63706,5006,433,1174,437,53602,226409,4398,549,3727.8,23810.43,85.44
Client_8,Finance,YouTube,Reel,Tips,Sunday,13:00,18153,20761,445,38,25,21,17628,37288,1629,172,12205.25,66708.11,68.19
Client_6,Fashion,Instagram,Image,Customer Story,Thursday,13:00,93201,156104,12609,143,3089,860,71373,270409,7279,953,1151.73,3227.14,79.92
Client_17,Technology,TikTok,Reel,Product Education,Thursday,11:00,14222,17347,1522,47,46,405,9117,25980,1233,12,4232.3,5079.65,63.09
Client_10,Education,Facebook,Carousel,Tutorial,Thursday,11:00,27689,35852,2393,52,58,531,13607,67963,1085,11,11700.93,44387.18,61.61
Client_13,Finance,TikTok,Reel,Promotion,Sunday,15:00,93807,129968,6936,36,616,981,78229,143326,7629,1228,16091.11,69705.5,81.39
Client_11,Education,Instagram,Carousel,Tips,Monday,09:00,34617,64533,733,75,173,139,11796,37868,574,10,13712.88,67723.59,41.18
Client_2,Food,YouTube,Carousel,Promotion,Thursday,17:00,35904,70776,170,9,37,15,8503,31245,1391,267,14395.84,38913.1,44.25
Client_6,Education,Instagram,Article,Promotion,Wednesday,13:00,65149,86261,2748,56,500,598,26653,52588,4445,351,2727.2,3959.37,63.58
Client_8,Food,Instagram,Article,Product Education,Tuesday,15:00,8799,9278,978,106,167,75,5959,10415,442,36,19541.3,15690.9,69.59
Client_18,Healthcare,YouTube,Carousel,Tips,Monday,19:00,49273,71496,3607,163,744,482,3276,8254,3874,399,9551.46,36573.13,78.09
Client_9,Finance,TikTok,Carousel,Tips,Monday,17:00,42915,79627,2742,305,585,700,9399,34876,2978,243,10446.57,33518.37,71.99
Client_4,Finance,Facebook,Article,Promotion,Sunday,09:00,38553,52054,1419,104,271,72,2237,6265,1074,50,1735.48,11003.86,58.86
Client_20,Food,Instagram,Video,Behind the Scenes,Sunday,17:00,87130,148260,9278,794,2118,474,3364,12063,6405,820,18178.04,18781.12,72.68
Client_15,Food,TikTok,Reel,Tutorial,Saturday,21:00,7356,12640,387,58,92,103,3873,2680,387,74,16902.95,39196.76,71.81
Client_7,Fashion,Instagram,Article,Tutorial,Wednesday,17:00,87428,114220,11196,1454,1564,872,65883,21372,6979,1127,15621.36,118855.94,89.99
Client_12,Technology,YouTube,Carousel,Promotion,Monday,17:00,14894,21974,1863,225,415,66,13000,12866,398,4,14357.31,24646.14,54.56
Client_14,Food,Facebook,Carousel,Customer Story,Friday,21:00,94368,181431,6443,340,599,1607,35672,82932,617,67,6516.68,16932.43,56.88
Client_18,Education,Instagram,Article,Customer Story,Sunday,21:00,22506,42505,1052,47,247,279,6923,15948,283,39,1857.84,14197.79,65.18
Client_10,Fashion,LinkedIn,Reel,Customer Story,Friday,15:00,93130,97042,9345,43,616,81,60924,241480,7470,438,7400.95,16037.93,72.82
Client_19,Food,Facebook,Article,Behind the Scenes,Wednesday,15:00,61817,99686,3092,299,738,463,32708,35472,2608,360,8602.11,7466.65,61.97
Client_15,Education,Facebook,Image,Behind the Scenes,Sunday,21:00,89116,160612,3073,51,41,842,15423,31129,6855,229,11025.35,55421.95,60.87
Client_12,Healthcare,YouTube,Article,Behind the Scenes,Saturday,09:00,8028,11406,94,6,8,22,1065,2730,307,32,10356.01,70985.58,55.45
Client_8,Finance,Instagram,Carousel,Tips,Tuesday,15:00,96520,133637,6657,719,1474,1997,79933,273639,9135,1303,3663.9,12463.72,81.83
Client_16,Healthcare,YouTube,Video,Product Education,Saturday,15:00,38140,60709,4535,93,151,1343,26042,10396,1725,159,10213.58,67359.96,78.73
Client_1,Education,TikTok,Article,Promotion,Tuesday,13:00,76242,76637,357,44,25,13,64759,3038,6822,860,13996.15,35403.67,52.76
Client_14,Technology,YouTube,Article,Promotion,Friday,11:00,86909,94087,6934,701,295,157,8903,15296,5962,120,19738.06,129526.45,72.1
Client_14,Education,LinkedIn,Video,Behind the Scenes,Sunday,17:00,14122,15057,751,19,146,47,6343,28443,1239,183,17297.19,91230.75,80.93
Client_19,Food,YouTube,Reel,Entertainment,Monday,13:00,58703,62653,198,26,22,31,27188,8126,641,74,2021.32,10213.63,40.0
Client_11,Food,YouTube,Video,Entertainment,Saturday,17:00,66593,83356,908,61,42,187,35463,106980,1937,22,16074.58,97952.16,42.34
Client_5,Finance,Instagram,Reel,Promotion,Sunday,19:00,63349,79508,9435,77,1697,2588,10826,34089,936,87,11896.88,58507.33,70.56
Client_6,Healthcare,Facebook,Reel,Product Education,Wednesday,17:00,75749,136627,10131,768,1720,2770,9602,20918,111,21,6741.73,35666.47,67.86
Client_12,Healthcare,TikTok,Article,Behind the Scenes,Monday,15:00,59680,107408,1982,269,368,556,41356,39110,2112,101,10556.19,55940.01,58.62
Client_8,Technology,Facebook,Video,Behind the Scenes,Tuesday,11:00,88484,158674,518,62,74,15,77149,141741,347,13,1593.43,12240.75,31.22
Client_4,Education,TikTok,Article,Tips,Sunday,17:00,31294,51333,2310,84,225,144,13377,7812,1356,55,10160.4,21353.98,59.78
Client_13,Education,LinkedIn,Article,Tips,Tuesday,17:00,11263,19223,1402,26,210,289,2303,1752,354,2,10732.75,29356.86,56.6
Client_14,Finance,YouTube,Image,Behind the Scenes,Sunday,15:00,42940,43694,4383,646,677,321,21375,77472,1095,154,19230.02,123993.6,79.61
Client_19,Technology,YouTube,Carousel,Tutorial,Monday,19:00,15664,30820,1052,26,113,273,11434,23663,38,3,19762.18,129976.82,59.29
Client_16,Finance,LinkedIn,Reel,Promotion,Friday,11:00,64210,103726,7517,785,696,123,52716,211028,6279,624,19074.81,66281.86,80.47
Client_9,Finance,TikTok,Reel,Promotion,Wednesday,21:00,11013,13006,834,83,191,216,6304,30635,759,96,15538.93,53875.1,80.74
Client_5,Fashion,TikTok,Image,Promotion,Wednesday,19:00,82620,104425,2590,203,340,22,33638,111188,1739,3,13280.49,86249.1,45.83
Client_5,Fashion,YouTube,Carousel,Customer Story,Thursday,17:00,83636,105491,96,7,16,13,55243,249679,2101,157,8741.82,36848.92,38.39
Client_15,Finance,Facebook,Article,Tutorial,Wednesday,11:00,92242,149830,7998,688,850,1976,61510,232673,8141,1256,12780.37,65171.66,84.53
Client_19,Food,LinkedIn,Carousel,Behind the Scenes,Tuesday,21:00,27803,34039,2718,137,593,219,4077,3203,498,95,16062.32,17939.86,65.18
Client_6,Food,TikTok,Image,Tutorial,Monday,09:00,5764,9325,584,87,21,17,1894,3644,204,10,12108.55,46010.14,66.38
Client_13,Education,YouTube,Video,Customer Story,Wednesday,19:00,32468,63045,2524,129,611,290,28551,62317,2450,366,3277.35,9244.62,76.26
Client_20,Fashion,YouTube,Article,Tips,Friday,19:00,57475,110022,8069,944,359,2275,51954,198159,3579,294,17382.95,65960.93,76.03
Client_12,Fashion,YouTube,Image,Entertainment,Wednesday,21:00,31540,61348,3010,32,160,484,9029,17574,3124,590,10913.43,74918.5,86.56
Client_4,Healthcare,YouTube,Reel,Tips,Thursday,21:00,19525,27957,2811,83,587,521,8457,5743,37,0,3205.76,9355.87,45.86
Client_15,Healthcare,Facebook,Carousel,Tutorial,Wednesday,11:00,89130,127384,4600,410,594,1075,56748,138890,2318,391,12351.19,79909.97,72.15
Client_9,Education,Instagram,Image,Behind the Scenes,Thursday,11:00,90857,138408,4153,408,510,60,42977,3830,7584,1069,3778.86,4827.11,66.7
Client_11,Food,YouTube,Reel,Tutorial,Tuesday,21:00,10398,12108,138,10,19,8,4276,8437,470,69,16183.77,122729.06,61.95
Client_1,Education,TikTok,Reel,Promotion,Tuesday,21:00,22529,43733,1680,142,222,80,7020,5198,1382,213,7411.1,54994.41,79.93
Client_2,Finance,Instagram,Reel,Tutorial,Friday,13:00,28219,46741,794,32,163,71,8020,3447,976,55,6500.67,6365.64,45.48
Client_8,Technology,YouTube,Article,Tips,Wednesday,15:00,57456,82358,5167,643,276,1481,15282,37404,5135,85,13580.78,32324.53,67.07
Client_12,Fashion,YouTube,Video,Product Education,Tuesday,11:00,92860,116009,4081,360,587,332,49576,69745,9099,1005,8573.34,13655.59,68.68
Client_7,Education,Instagram,Carousel,Entertainment,Sunday,09:00,9919,11939,1312,126,34,6,935,857,673,5,11353.3,88533.99,73.33
Client_2,Healthcare,YouTube,Image,Promotion,Sunday,13:00,12194,21911,522,63,37,141,7892,19575,588,27,3821.36,18356.94,62.48
Client_7,Fashion,TikTok,Article,Tips,Tuesday,21:00,1320,2447,101,5,25,17,1050,2077,48,3,6262.92,28221.17,67.64
Client_16,Healthcare,Instagram,Image,Product Education,Friday,19:00,26860,45571,841,35,146,123,18761,55987,2523,29,14926.21,77444.54,58.34
Client_8,Technology,Facebook,Image,Tutorial,Saturday,21:00,55565,70068,780,79,148,43,8489,6762,4795,371,13802.42,15158.64,50.66
Client_14,Finance,Instagram,Carousel,Tips,Wednesday,11:00,97365,155287,2039,299,312,174,56670,19813,6799,1354,11445.38,76411.81,69.17
Client_2,Technology,LinkedIn,Reel,Tutorial,Saturday,09:00,12330,24283,1707,88,66,11,5764,9699,742,22,11316.86,65549.72,70.79
Client_13,Fashion,YouTube,Image,Entertainment,Wednesday,13:00,2655,4836,374,6,53,109,2563,368,201,29,1914.74,15134.8,87.09
Client_3,Technology,Instagram,Carousel,Entertainment,Sunday,19:00,88409,123009,5745,717,924,1704,87790,239220,5243,87,12997.21,11080.65,57.07
Client_19,Healthcare,TikTok,Reel,Tutorial,Tuesday,13:00,27124,43704,575,24,66,6,15853,50285,1583,119,15945.54,18009.44,48.29
Client_6,Fashion,TikTok,Video,Customer Story,Sunday,19:00,81690,118384,829,95,27,186,66558,126093,4351,532,17372.26,15332.03,45.78
Client_12,Healthcare,TikTok,Article,Tips,Saturday,11:00,48918,53853,171,21,29,46,9893,15030,1151,146,19902.27,78063.95,44.76
Client_18,Healthcare,Facebook,Reel,Behind the Scenes,Friday,11:00,71475,105118,5970,519,1047,534,32958,6299,106,0,14631.9,86456.56,47.6
Client_16,Fashion,TikTok,Reel,Tips,Saturday,11:00,19682,22660,2426,260,271,433,14031,3979,1710,247,15833.03,65039.99,86.41
Client_20,Food,Facebook,Video,Entertainment,Monday,13:00,70330,128934,9870,1042,790,817,52235,53052,4555,328,14984.81,34719.16,71.97
Client_20,Fashion,Instagram,Image,Product Education,Sunday,21:00,38600,68057,57,8,11,5,32932,112575,2818,244,2300.41,14415.67,49.2
Client_4,Technology,Facebook,Video,Product Education,Saturday,19:00,36414,51264,4346,277,408,841,3846,177,1751,290,2595.5,18862.78,84.83
Client_4,Finance,YouTube,Article,Tutorial,Tuesday,21:00,42934,81715,256,37,34,58,38176,162771,769,147,5653.05,18491.0,41.82
Client_1,Healthcare,LinkedIn,Video,Entertainment,Thursday,13:00,53476,61595,1292,149,52,87,38649,160979,1732,243,8501.67,19926.65,56.23
Client_13,Education,Facebook,Carousel,Behind the Scenes,Sunday,15:00,1787,3014,194,6,16,49,62,136,76,5,8574.08,33982.64,71.2
Client_16,Food,YouTube,Image,Tips,Sunday,21:00,85246,103118,9436,37,973,854,54097,133884,5969,1135,3060.2,9172.07,82.59
Client_7,Fashion,Instagram,Article,Tips,Saturday,21:00,47268,92745,3104,183,440,57,37624,159208,1082,194,15852.85,97884.47,69.6
Client_13,Healthcare,Instagram,Reel,Promotion,Saturday,17:00,38473,61653,4890,486,256,1388,5237,12867,2057,302,11995.45,59183.89,81.85
Client_4,Technology,LinkedIn,Video,Promotion,Thursday,21:00,72758,119074,6971,158,274,1556,37090,69927,610,73,1502.84,2616.21,58.52
Client_20,Healthcare,Facebook,Carousel,Tips,Thursday,17:00,69104,136007,9037,902,1860,2118,41536,160001,3711,313,4271.55,14471.28,73.77
Client_13,Finance,Instagram,Article,Tutorial,Wednesday,19:00,95586,190977,14117,276,3036,1806,46316,47701,8942,338,19804.68,94775.89,75.61
Client_8,Education,Facebook,Video,Tips,Thursday,19:00,48512,51474,6050,271,419,465,6402,5741,3062,122,2032.39,9271.68,76.22
Client_12,Fashion,Instagram,Video,Tips,Monday,11:00,64301,107490,8217,802,480,1988,34531,147667,1168,166,7100.21,39324.73,73.22
Client_7,Education,Facebook,Carousel,Tips,Friday,21:00,74898,99516,9610,1212,368,733,7202,10182,6441,10,3674.66,19194.01,70.62
Client_19,Healthcare,TikTok,Image,Product Education,Tuesday,17:00,80152,146786,6646,142,573,373,63866,172349,1263,117,12818.74,48174.88,62.05
Client_9,Education,YouTube,Carousel,Entertainment,Wednesday,19:00,91731,111172,5300,776,1227,1130,26576,59618,1951,259,6755.19,7120.17,61.33
Client_3,Technology,YouTube,Video,Tips,Saturday,19:00,36648,43276,3471,281,21,406,25637,33685,803,159,19786.19,151318.46,78.31
Client_11,Finance,Instagram,Carousel,Promotion,Sunday,11:00,63858,67970,4200,613,124,872,9349,13090,408,49,14960.88,92893.3,65.17
Client_11,Fashion,Facebook,Image,Tutorial,Thursday,19:00,35559,52085,4798,699,656,605,14736,16068,2619,293,11445.61,11726.41,74.12
Client_1,Healthcare,TikTok,Reel,Entertainment,Sunday,17:00,6649,9250,562,70,106,8,6649,22041,395,40,13871.82,50950.58,76.64
Client_6,Education,TikTok,Reel,Tips,Thursday,21:00,1368,1994,202,28,16,29,373,708,126,19,19907.43,48961.27,82.48
Client_7,Fashion,TikTok,Article,Tutorial,Saturday,17:00,14363,25133,1956,110,236,17,12902,31377,282,48,19934.47,38681.69,66.72
Client_18,Healthcare,LinkedIn,Image,Entertainment,Wednesday,21:00,62142,85835,7836,96,526,1506,47365,176225,3535,386,840.19,4142.64,81.31
Client_1,Healthcare,Facebook,Reel,Tutorial,Saturday,15:00,72145,140260,8806,166,299,1964,3364,4734,1447,279,19789.43,46578.24,67.82
Client_17,Technology,TikTok,Carousel,Behind the Scenes,Tuesday,21:00,31942,44230,2275,275,337,164,10297,33284,1011,144,17968.42,94805.59,74.43
Client_6,Finance,TikTok,Carousel,Tips,Saturday,13:00,43088,69670,518,58,35,143,26077,52545,1838,17,5998.32,33946.64,42.28
Client_15,Education,LinkedIn,Image,Promotion,Thursday,09:00,86822,128821,11844,1541,1572,2167,24856,44316,3314,413,17096.19,100383.5,79.9
Client_16,Technology,TikTok,Article,Behind the Scenes,Friday,09:00,78257,128397,9619,1417,862,1010,594,1715,978,70,13506.35,43471.86,62.19
Client_3,Finance,TikTok,Article,Tutorial,Monday,11:00,25657,31687,810,113,125,5,13576,11177,1604,277,19949.85,17791.96,61.66
Client_6,Finance,Instagram,Carousel,Behind the Scenes,Sunday,21:00,69912,127654,2786,42,663,414,29684,134457,4752,184,8989.94,45201.19,63.3
Client_17,Technology,TikTok,Carousel,Tips,Wednesday,09:00,21551,33268,2268,239,371,121,329,543,569,60,2004.44,15289.5,75.38
Client_1,Fashion,YouTube,Carousel,Entertainment,Tuesday,17:00,70508,93439,5595,212,1223,972,30209,71764,4100,632,7362.29,55797.63,84.67
Client_19,Healthcare,Facebook,Image,Promotion,Thursday,19:00,15409,17152,1118,129,116,119,12711,61671,1078,159,11209.61,29398.26,78.26
Client_6,Healthcare,TikTok,Article,Behind the Scenes,Saturday,09:00,57757,85160,6727,927,332,552,40592,37840,236,24,17409.22,114282.49,65.9
Client_15,Technology,Instagram,Article,Tips,Saturday,19:00,58428,80372,7529,898,555,620,8945,28937,5573,915,8167.53,46833.39,88.88
Client_1,Technology,LinkedIn,Video,Promotion,Monday,11:00,18791,37302,1788,9,115,465,16360,81287,191,33,19639.38,107353.91,68.73
Client_18,Education,Instagram,Carousel,Behind the Scenes,Sunday,17:00,12148,17335,1409,190,74,236,2992,2646,85,13,17717.93,117067.23,70.47
Client_11,Technology,TikTok,Article,Product Education,Monday,11:00,70865,140060,9070,492,1920,2087,65841,181899,6908,843,17308.08,134703.28,87.2
Client_16,Food,TikTok,Reel,Tutorial,Wednesday,21:00,27411,42691,573,68,59,74,260,1004,1713,119,10133.2,77086.64,62.16
Client_7,Education,Facebook,Reel,Customer Story,Tuesday,13:00,28375,42100,1740,25,374,497,8344,34167,829,124,8312.27,56922.97,74.88
Client_11,Finance,Instagram,Video,Behind the Scenes,Saturday,19:00,51380,75645,3087,112,510,571,29852,146635,1128,191,16879.91,36551.03,64.13
Client_19,Fashion,LinkedIn,Video,Entertainment,Monday,09:00,37955,52212,2267,151,307,231,2380,11780,1684,191,5254.01,10800.72,67.29
Client_5,Finance,LinkedIn,Image,Tutorial,Saturday,17:00,67484,90127,9612,1259,1037,1849,17075,35798,5535,879,7834.86,10297.59,79.03
Client_12,Fashion,YouTube,Article,Entertainment,Wednesday,17:00,21707,24046,2588,142,81,643,3706,11178,1703,90,6158.83,30572.76,80.08
Client_12,Finance,Instagram,Image,Product Education,Saturday,17:00,45506,69003,4183,376,381,53,42878,165710,432,55,8966.47,17276.89,59.38
Client_9,Finance,Instagram,Reel,Product Education,Tuesday,13:00,56834,95705,1484,166,261,226,31693,155547,2766,40,2285.16,16438.77,53.96
Client_3,Food,LinkedIn,Reel,Behind the Scenes,Wednesday,17:00,8002,8562,228,12,54,22,239,52,186,8,9449.18,22024.91,49.14
Client_11,Technology,LinkedIn,Reel,Product Education,Thursday,17:00,88034,130053,4968,581,939,948,80056,208751,6187,258,14638.41,36140.16,65.75
